{
    "uvs": [[0.666127,0,0.99919,0,0.99919,0.330064,0.666127,0.330064,0.92096,0.91119,0.935282,0.967948,0.896625,0.955385,0.882303,0.898626,0.666127,0.457288,0.666127,0.874259,0.333063,0.787352,0.333064,0.457288,0,0.857144,0,0.52708,0.333063,0.52708,0.333063,0.857144,0.333064,0.457288,0.333063,0.127223,0.666127,0.040317,0.666127,0.457288,0,0.416971,0,0,0.333063,0,0.333063,0.416971,0.666127,0.610619,0.666127,0.379574,0.906199,0.379574,0.906199,0.610619,0.960658,0.330064,0.960658,0.660128,0.671275,0.709638,0.666127,0.660128,0.777236,0.660128,0.782384,0.709638,0.034427,0.911048,0.034427,0.861276,0.074896,0.857144,0.074896,0.906916,0.935282,0.990193,0.935282,0.660128,0.983711,0.709638,0.983711,0.940683,0.666127,0.990193,0.671275,0.940683,0.782384,0.940683,0.777236,0.990193,0.333063,0.52708,0,0.52708,0.832343,0.660128,0.832344,1,0.782384,0.946031,0.782384,0.708121,0.832344,1,0.832344,0.660128,0.882303,0.708121,0.882303,0.946031,0.034427,0.857144,0.034427,0.91565,0,0.937132,0,0.878626,0.115365,0.861276,0.115365,0.911048,0.074896,0.906916,0.960658,0.57925,0.960658,0.34033,1,0.330064,1,0.568984,0.935282,0.672692,0.896625,0.660128,0.333063,0.086907,0.666127,0,0.666127,0.914575,0.333063,0.827669]],
    "metadata": {
        "type": "Geometry",
        "generator": "io_three",
        "normals": 24,
        "faces": 22,
        "uvs": 1,
        "vertices": 24,
        "version": 3
    },
    "normals": [0.577349,-0.577349,-0.577349,0.577349,-0.577349,0.577349,-0.577349,-0.577349,0.577349,-0.577349,-0.577349,-0.577349,-0.510788,0.646443,0.566698,0.620441,0.195929,0.759362,0.36259,0.370556,0.855068,-0.581835,0.68572,0.4373,0.707083,0,-0.707083,-0.620441,0.195929,0.759362,-0.707083,0,-0.707083,-0.59209,0.491958,0.638234,0.59209,0.491958,0.638234,0.510788,0.646443,0.566698,0.782678,0.52794,-0.3296,0.301889,0.667257,0.680868,-0.597705,0.779077,-0.189123,0.332255,0.590655,-0.735313,-0.782678,0.52794,-0.3296,-0.301889,0.667257,0.680868,-0.332255,0.590655,-0.735313,-0.36259,0.370556,0.855068,0.581835,0.68572,0.4373,0.597705,0.779077,-0.189123],
    "faces": [41,0,1,2,3,0,1,2,3,0,1,2,3,41,9,5,17,21,4,5,6,7,4,5,6,7,41,0,4,5,1,8,9,10,11,0,8,5,1,41,1,5,6,2,12,13,14,15,1,5,9,2,41,2,6,7,3,16,17,18,19,2,9,10,3,41,4,0,3,7,20,21,22,23,8,0,3,10,41,8,11,10,9,24,25,26,27,11,12,13,4,41,6,5,9,10,28,29,27,26,9,5,4,13,41,8,4,12,14,30,31,32,33,11,8,14,15,41,4,8,20,16,34,35,36,37,8,11,16,17,41,12,13,15,14,38,39,40,41,14,18,19,15,41,7,11,15,13,42,43,44,45,10,12,19,18,41,11,8,14,15,43,30,33,44,12,11,15,19,41,4,7,13,12,20,23,46,47,8,10,18,14,41,19,18,22,23,48,49,50,51,20,21,22,23,41,17,16,20,21,52,53,54,55,6,17,16,7,41,6,10,22,18,56,57,58,59,9,13,22,21,41,11,7,19,23,60,61,62,36,12,10,20,23,41,10,11,23,22,63,64,65,66,13,12,23,22,41,8,9,21,20,67,4,7,68,11,4,7,16,41,7,6,18,19,18,17,69,70,10,9,21,20,41,5,4,16,17,10,9,71,72,5,8,17,6],
    "name": "CubeGeometry",
    "vertices": [1,-1,-1,1,-1,1,-1,-1,1,-1,-1,-1,1,1.5266,-1,0.999999,1,1,-1,1,1,-1,1.5266,-1,0.7,1.55752,-0.7,0.7,1.18889,0.7,-0.7,1.18889,0.7,-0.7,1.55752,-0.7,1,2.1938,-1,-1,2.1938,-1,0.7,2.22471,-0.7,-0.7,2.22471,-0.7,1,1.7709,-1,0.999999,1.2443,1,-1,1.2443,1,-1,1.7709,-1,0.7,1.80181,-0.7,0.7,1.43319,0.7,-0.7,1.43319,0.7,-0.7,1.80181,-0.7]
}