{
    "uvs": [[0.322553,0.518376,0.285714,0.534069,0.285714,0.5,0.319904,0.5,0.46541,0.85343,0.462761,0.871806,0.428571,0.871806,0.428571,0.837737,0.036838,0.517783,0.036838,0.982217,0,1,0,0.5,0.467842,0,0.467842,0.5,0.428571,0.5,0.428571,0,0.891332,0,0.891332,0.5,0.857143,0.5,0.857143,0,0.03927,0,0.03927,0.5,0,0.5,0,0,0.428571,0.534069,0.391733,0.518376,0.394382,0.5,0.428571,0.5,0.571429,0.837737,0.571429,0.871806,0.537239,0.871806,0.53459,0.85343,0.142857,0.5,0.142857,1,0.106019,0.982217,0.106019,0.517783,1,0,1,0.5,0.96581,0.5,0.96581,0,0.322553,0.851006,0.285714,0.871806,0.46541,0.5208,0.428571,0.5,0.857143,0,0.857143,0.5,0.428571,0,0.428571,0.5,0.428571,0.871806,0.391733,0.851006,0.571429,0.5,0.53459,0.5208]],
    "metadata": {
        "type": "Geometry",
        "generator": "io_three",
        "normals": 24,
        "faces": 22,
        "uvs": 1,
        "vertices": 24,
        "version": 3
    },
    "normals": [0.311991,-0.92996,-0.194403,0.100131,-0.836756,0.538316,-0.535356,-0.679495,0.501633,-0.521592,-0.831446,-0.191229,0.311991,0.92996,-0.194403,-0.521592,0.831446,-0.191229,-0.535356,0.679495,0.501633,0.100131,0.836756,0.538316,0.614948,-0.664449,-0.424574,0.614948,0.664449,-0.424574,0.692129,0.654195,0.304788,0.692129,-0.654195,0.304788,-0.521592,-0.831446,0.191229,-0.521592,0.831446,0.191229,-0.535356,0.679495,-0.501633,-0.535356,-0.679495,-0.501633,0.100131,0.836756,-0.538316,0.100131,-0.836756,-0.538316,0.311991,-0.92996,0.194403,0.311991,0.92996,0.194403,0.692129,-0.654195,-0.304788,0.69216,0.654195,-0.304788,0.614948,0.664449,0.424574,0.614948,-0.664449,0.424574],
    "faces": [41,21,17,2,10,0,1,2,3,0,1,2,3,41,23,14,6,19,4,5,6,7,4,5,6,7,41,9,13,5,1,8,9,10,11,8,9,10,11,41,17,19,6,2,12,13,14,15,1,7,6,2,41,11,15,7,3,16,17,18,19,12,13,14,15,41,18,16,3,7,20,21,22,23,16,17,15,14,41,16,20,11,3,24,25,26,27,17,18,12,15,41,20,21,10,11,25,0,3,26,18,0,3,12,41,18,7,15,22,28,29,30,31,16,14,13,19,41,22,15,14,23,31,30,5,4,19,13,5,4,41,0,4,12,8,32,33,34,35,20,21,22,23,41,8,12,13,9,35,34,9,8,23,22,9,8,41,2,6,14,10,36,37,38,39,2,6,5,3,41,10,14,15,11,39,38,17,16,3,5,13,12,41,9,1,17,21,40,41,1,0,8,11,1,0,41,13,23,19,5,42,4,7,43,9,4,7,10,41,1,5,19,17,44,45,13,12,11,10,7,1,41,4,0,16,18,46,47,21,20,21,20,17,16,41,0,8,20,16,48,49,25,24,20,23,18,17,41,8,9,21,20,49,40,0,25,23,8,0,18,41,4,18,22,12,50,28,31,51,21,16,19,22,41,12,22,23,13,51,31,4,42,22,19,4,9],
    "name": "CubeGeometry",
    "vertices": [0.75,-1,-0.25,0.75,-1,0.25,-0.75,-1,0.25,-0.75,-1,-0.25,0.75,1,-0.25,0.749999,1,0.25,-0.75,1,0.25,-0.75,1,-0.25,0.656743,-0.928869,-0.121065,0.656743,-0.928869,0.121066,-0.75,-1,0.130336,-0.75,-1,-0.130336,0.656743,0.928869,-0.121065,0.656743,0.928869,0.121066,-0.75,1,0.130336,-0.75,1,-0.130336,-0.612554,-1,-0.25,-0.612555,-1,0.25,-0.612554,1,-0.25,-0.612555,1,0.25,-0.685208,-0.928869,-0.121066,-0.685208,-0.928869,0.121065,-0.685208,0.928869,-0.121066,-0.685208,0.928869,0.121065]
}