{
    "metadata": {
        "generator": "io_three", 
        "vertices": 82, 
        "version": 3, 
        "uvs": 0, 
        "normals": 82, 
        "faces": 136, 
        "type": "Geometry"
    }, 
    "uvs": [], 
    "vertices": [0.010341, 0.29526, 0.012181, -0.007494, 0.271927, 0.002013, 0.001871, 0.285884, 0.001148, -0.003115, 0.262618, -0.004565, 0.014538, 0.297593, 0.012313, 0.004293, 0.273106, -0.007587, 0.015154, 0.286335, 0.001587, 0.005601, 0.262738, -0.004448, 0.015035, 0.295735, 0.012643, 0.014332, 0.272303, 0.002379, 0.00042, 0.2599, -0.001108, 0.013374, 0.284319, 0.01251, 0.005077, 0.262145, 0.003584, 0.011811, 0.294505, 0.013584, 0.002618, 0.271209, 0.012061, 0.000187, 0.283976, 0.012177, -0.003634, 0.26203, 0.003472, 0.013298, 0.296399, 0.013085, -0, 0.241101, -0.001875, 0.000366, 0.266101, -0.001839, 0.000718, 0.241101, -0.001732, 0.001042, 0.266101, -0.001559, 0.001326, 0.241101, -0.001326, 0.001559, 0.266101, -0.001042, 0.001732, 0.241101, -0.000718, 0.001839, 0.266101, -0.000366, 0.001875, 0.241101, -0, 0.001839, 0.266101, 0.000366, 0.001732, 0.241101, 0.000718, 0.001559, 0.266101, 0.001042, 0.001326, 0.241101, 0.001326, 0.001042, 0.266101, 0.001559, 0.000718, 0.241101, 0.001732, 0.000366, 0.266101, 0.001839, -0, 0.241101, 0.001875, -0.000366, 0.266101, 0.001839, -0.000718, 0.241101, 0.001732, -0.001042, 0.266101, 0.001559, -0.001326, 0.241101, 0.001326, -0.001559, 0.266101, 0.001042, -0.001732, 0.241101, 0.000718, -0.001839, 0.266101, 0.000366, -0.001875, 0.241101, -0, -0.001839, 0.266101, -0.000366, -0.001732, 0.241101, -0.000718, -0.001559, 0.266101, -0.001042, -0.001326, 0.241101, -0.001326, -0.001042, 0.266101, -0.001559, -0.000718, 0.241101, -0.001732, -0.000366, 0.266101, -0.001839, 0, -0, -0.012196, 0.002379, 0.25, -0.011962, 0.004667, -0, -0.011268, 0.006776, 0.25, -0.010141, 0.008624, -0, -0.008624, 0.010141, 0.25, -0.006776, 0.011268, -0, -0.004667, 0.011962, 0.25, -0.002379, 0.012196, -0, -0, 0.011962, 0.25, 0.002379, 0.011268, 0, 0.004667, 0.010141, 0.25, 0.006776, 0.008624, 0, 0.008624, 0.006776, 0.25, 0.010141, 0.004667, 0, 0.011268, 0.002379, 0.25, 0.011962, -0, 0, 0.012196, -0.002379, 0.25, 0.011962, -0.004667, 0, 0.011268, -0.006776, 0.25, 0.010141, -0.008624, 0, 0.008624, -0.010141, 0.25, 0.006776, -0.011268, 0, 0.004667, -0.011962, 0.25, 0.002379, -0.012196, -0, -0, -0.011962, 0.25, -0.002379, -0.011268, -0, -0.004667, -0.010141, 0.25, -0.006776, -0.008624, -0, -0.008624, -0.006776, 0.25, -0.010141, -0.004667, -0, -0.011268, -0.002379, 0.25, -0.011962], 
    "normals": [-0.661, 0.320109, 0.678671, -0.60445, 0.760308, 0.23777, -0.515275, 0.677633, -0.524644, -0.995117, 0.09183, -0.035585, -0.101535, -0.979278, -0.175115, -0.60567, -0.651418, 0.456923, -0.612384, -0.357799, -0.704917, -0.077548, -0.408795, 0.909299, 0.440748, 0.778832, -0.446211, 0.065401, 0.839808, 0.538865, 0.88464, 0.089908, 0.457442, 0.745781, 0.340159, -0.572741, 0.444929, -0.781854, 0.436659, 0.632008, -0.175726, 0.754753, -0.129917, 0.206488, 0.969756, 0.043641, 0.137791, -0.989471, 0.515793, -0.596606, -0.614795, 0.915677, -0.399609, -0.042451, 0.414289, 0.66625, -0.620045, 0.620045, 0.66625, -0.414289, 0.527299, -0.66625, -0.527299, 0.688955, -0.66625, -0.285348, 0.731376, 0.66625, -0.145482, 0.731376, 0.66625, 0.145482, 0.74572, -0.66625, 0, 0.620045, 0.66625, 0.414289, 0.688955, -0.66625, 0.285348, 0.414289, 0.66625, 0.620045, 0.527299, -0.66625, 0.527299, 0.145482, 0.666219, 0.731376, 0.285348, -0.66625, 0.688955, -0.145482, 0.666219, 0.731376, 0, -0.66625, 0.74572, -0.414289, 0.666219, 0.620045, -0.285348, -0.66625, 0.688955, -0.620045, 0.66625, 0.414289, -0.527299, -0.66625, 0.527299, -0.731376, 0.66625, 0.145482, -0.688955, -0.66625, 0.285348, -0.731376, 0.66625, -0.145482, -0.74572, -0.66625, 0, -0.620045, 0.66625, -0.414289, -0.688955, -0.66625, -0.285379, -0.414289, 0.66625, -0.620045, -0.527299, -0.66625, -0.527299, -0.145482, 0.66625, -0.731376, -0.285348, -0.66625, -0.688955, 0, -0.66625, -0.74572, 0.145482, 0.66625, -0.731376, 0.285348, -0.66625, -0.688955, 0.41438, 0.666066, -0.620167, 0.620167, 0.666066, -0.41438, 0.527421, -0.666066, -0.527421, 0.689108, -0.666066, -0.28544, 0.731559, 0.666066, -0.145512, 0.731559, 0.666066, 0.145512, 0.745872, -0.666066, 0, 0.620167, 0.666066, 0.41438, 0.689108, -0.666066, 0.28544, 0.41438, 0.666066, 0.620167, 0.527421, -0.666066, 0.527421, 0.145512, 0.666066, 0.731559, 0.28544, -0.666066, 0.689108, -0.145512, 0.666066, 0.731559, 0, -0.666066, 0.745872, -0.41438, 0.666066, 0.620167, -0.28544, -0.666066, 0.689108, -0.620167, 0.666066, 0.41438, -0.527421, -0.666066, 0.527421, -0.731559, 0.666066, 0.145512, -0.689108, -0.666066, 0.28544, -0.731559, 0.666066, -0.145512, -0.745872, -0.666066, 0, -0.620167, 0.666066, -0.41438, -0.689108, -0.666066, -0.28544, -0.41438, 0.666066, -0.620167, -0.527421, -0.666066, -0.527421, -0.145512, 0.666066, -0.731559, -0.28544, -0.666066, -0.689108, 0, -0.666066, -0.745872, 0.145512, 0.666066, -0.731559, 0.28544, -0.666066, -0.689108],